{"cameraMode":{"drawMode":0,"name":"Shaded","section":"Shading Mode"},"sceneLighting":true,"audioPlay":false,"sceneViewState":{"showFog":true,"showMaterialUpdate":false,"showSkybox":true,"showFlares":true,"showImageEffects":true,"showParticleSystems":true},"in2DMode":false,"pivot":{"x":137.51885986328126,"y":244.4949188232422,"z":-0.9069728851318359},"rotation":{"x":0.24517539143562318,"y":0.26767346262931826,"z":-0.07063402235507965,"w":0.92911297082901},"size":401.7095642089844,"orthographic":false}